[{"model": "auth.permission", "pk": 1, "fields": {"name": "Can add log entry", "content_type": 1, "codename": "add_logentry"}}, {"model": "auth.permission", "pk": 2, "fields": {"name": "Can change log entry", "content_type": 1, "codename": "change_logentry"}}, {"model": "auth.permission", "pk": 3, "fields": {"name": "Can delete log entry", "content_type": 1, "codename": "delete_logentry"}}, {"model": "auth.permission", "pk": 4, "fields": {"name": "Can view log entry", "content_type": 1, "codename": "view_logentry"}}, {"model": "auth.permission", "pk": 5, "fields": {"name": "Can add permission", "content_type": 2, "codename": "add_permission"}}, {"model": "auth.permission", "pk": 6, "fields": {"name": "Can change permission", "content_type": 2, "codename": "change_permission"}}, {"model": "auth.permission", "pk": 7, "fields": {"name": "Can delete permission", "content_type": 2, "codename": "delete_permission"}}, {"model": "auth.permission", "pk": 8, "fields": {"name": "Can view permission", "content_type": 2, "codename": "view_permission"}}, {"model": "auth.permission", "pk": 9, "fields": {"name": "Can add group", "content_type": 3, "codename": "add_group"}}, {"model": "auth.permission", "pk": 10, "fields": {"name": "Can change group", "content_type": 3, "codename": "change_group"}}, {"model": "auth.permission", "pk": 11, "fields": {"name": "Can delete group", "content_type": 3, "codename": "delete_group"}}, {"model": "auth.permission", "pk": 12, "fields": {"name": "Can view group", "content_type": 3, "codename": "view_group"}}, {"model": "auth.permission", "pk": 13, "fields": {"name": "Can add content type", "content_type": 4, "codename": "add_contenttype"}}, {"model": "auth.permission", "pk": 14, "fields": {"name": "Can change content type", "content_type": 4, "codename": "change_contenttype"}}, {"model": "auth.permission", "pk": 15, "fields": {"name": "Can delete content type", "content_type": 4, "codename": "delete_contenttype"}}, {"model": "auth.permission", "pk": 16, "fields": {"name": "Can view content type", "content_type": 4, "codename": "view_contenttype"}}, {"model": "auth.permission", "pk": 17, "fields": {"name": "Can add session", "content_type": 5, "codename": "add_session"}}, {"model": "auth.permission", "pk": 18, "fields": {"name": "Can change session", "content_type": 5, "codename": "change_session"}}, {"model": "auth.permission", "pk": 19, "fields": {"name": "Can delete session", "content_type": 5, "codename": "delete_session"}}, {"model": "auth.permission", "pk": 20, "fields": {"name": "Can view session", "content_type": 5, "codename": "view_session"}}, {"model": "auth.permission", "pk": 21, "fields": {"name": "Can add Token", "content_type": 6, "codename": "add_token"}}, {"model": "auth.permission", "pk": 22, "fields": {"name": "Can change Token", "content_type": 6, "codename": "change_token"}}, {"model": "auth.permission", "pk": 23, "fields": {"name": "Can delete Token", "content_type": 6, "codename": "delete_token"}}, {"model": "auth.permission", "pk": 24, "fields": {"name": "Can view Token", "content_type": 6, "codename": "view_token"}}, {"model": "auth.permission", "pk": 25, "fields": {"name": "Can add marca", "content_type": 7, "codename": "add_marca"}}, {"model": "auth.permission", "pk": 26, "fields": {"name": "Can change marca", "content_type": 7, "codename": "change_marca"}}, {"model": "auth.permission", "pk": 27, "fields": {"name": "Can delete marca", "content_type": 7, "codename": "delete_marca"}}, {"model": "auth.permission", "pk": 28, "fields": {"name": "Can view marca", "content_type": 7, "codename": "view_marca"}}, {"model": "auth.permission", "pk": 29, "fields": {"name": "Can add actividad", "content_type": 8, "codename": "add_actividad"}}, {"model": "auth.permission", "pk": 30, "fields": {"name": "Can change actividad", "content_type": 8, "codename": "change_actividad"}}, {"model": "auth.permission", "pk": 31, "fields": {"name": "Can delete actividad", "content_type": 8, "codename": "delete_actividad"}}, {"model": "auth.permission", "pk": 32, "fields": {"name": "Can view actividad", "content_type": 8, "codename": "view_actividad"}}, {"model": "auth.permission", "pk": 33, "fields": {"name": "Can add calificacion", "content_type": 9, "codename": "add_calificacion"}}, {"model": "auth.permission", "pk": 34, "fields": {"name": "Can change calificacion", "content_type": 9, "codename": "change_calificacion"}}, {"model": "auth.permission", "pk": 35, "fields": {"name": "Can delete calificacion", "content_type": 9, "codename": "delete_calificacion"}}, {"model": "auth.permission", "pk": 36, "fields": {"name": "Can view calificacion", "content_type": 9, "codename": "view_calificacion"}}, {"model": "auth.permission", "pk": 37, "fields": {"name": "Can add pregunta opcion multiple", "content_type": 10, "codename": "add_preguntaopcionmultiple"}}, {"model": "auth.permission", "pk": 38, "fields": {"name": "Can change pregunta opcion multiple", "content_type": 10, "codename": "change_preguntaopcionmultiple"}}, {"model": "auth.permission", "pk": 39, "fields": {"name": "Can delete pregunta opcion multiple", "content_type": 10, "codename": "delete_preguntaopcionmultiple"}}, {"model": "auth.permission", "pk": 40, "fields": {"name": "Can view pregunta opcion multiple", "content_type": 10, "codename": "view_preguntaopcionmultiple"}}, {"model": "auth.permission", "pk": 41, "fields": {"name": "Can add pregunta abierta", "content_type": 11, "codename": "add_preguntaabierta"}}, {"model": "auth.permission", "pk": 42, "fields": {"name": "Can change pregunta abierta", "content_type": 11, "codename": "change_preguntaabierta"}}, {"model": "auth.permission", "pk": 43, "fields": {"name": "Can delete pregunta abierta", "content_type": 11, "codename": "delete_preguntaabierta"}}, {"model": "auth.permission", "pk": 44, "fields": {"name": "Can view pregunta abierta", "content_type": 11, "codename": "view_preguntaabierta"}}, {"model": "auth.permission", "pk": 45, "fields": {"name": "Can add pausa", "content_type": 12, "codename": "add_pausa"}}, {"model": "auth.permission", "pk": 46, "fields": {"name": "Can change pausa", "content_type": 12, "codename": "change_pausa"}}, {"model": "auth.permission", "pk": 47, "fields": {"name": "Can delete pausa", "content_type": 12, "codename": "delete_pausa"}}, {"model": "auth.permission", "pk": 48, "fields": {"name": "Can view pausa", "content_type": 12, "codename": "view_pausa"}}, {"model": "auth.permission", "pk": 49, "fields": {"name": "Can add pregunta fo v", "content_type": 13, "codename": "add_preguntafov"}}, {"model": "auth.permission", "pk": 50, "fields": {"name": "Can change pregunta fo v", "content_type": 13, "codename": "change_preguntafov"}}, {"model": "auth.permission", "pk": 51, "fields": {"name": "Can delete pregunta fo v", "content_type": 13, "codename": "delete_preguntafov"}}, {"model": "auth.permission", "pk": 52, "fields": {"name": "Can view pregunta fo v", "content_type": 13, "codename": "view_preguntafov"}}, {"model": "auth.permission", "pk": 53, "fields": {"name": "Can add respuesta", "content_type": 14, "codename": "add_respuesta"}}, {"model": "auth.permission", "pk": 54, "fields": {"name": "Can change respuesta", "content_type": 14, "codename": "change_respuesta"}}, {"model": "auth.permission", "pk": 55, "fields": {"name": "Can delete respuesta", "content_type": 14, "codename": "delete_respuesta"}}, {"model": "auth.permission", "pk": 56, "fields": {"name": "Can view respuesta", "content_type": 14, "codename": "view_respuesta"}}, {"model": "auth.permission", "pk": 57, "fields": {"name": "Can add opcionmultiple", "content_type": 15, "codename": "add_opcionmultiple"}}, {"model": "auth.permission", "pk": 58, "fields": {"name": "Can change opcionmultiple", "content_type": 15, "codename": "change_opcionmultiple"}}, {"model": "auth.permission", "pk": 59, "fields": {"name": "Can delete opcionmultiple", "content_type": 15, "codename": "delete_opcionmultiple"}}, {"model": "auth.permission", "pk": 60, "fields": {"name": "Can view opcionmultiple", "content_type": 15, "codename": "view_opcionmultiple"}}, {"model": "auth.permission", "pk": 61, "fields": {"name": "Can add respuestmultiple estudiante", "content_type": 16, "codename": "add_respuestmultipleestudiante"}}, {"model": "auth.permission", "pk": 62, "fields": {"name": "Can change respuestmultiple estudiante", "content_type": 16, "codename": "change_respuestmultipleestudiante"}}, {"model": "auth.permission", "pk": 63, "fields": {"name": "Can delete respuestmultiple estudiante", "content_type": 16, "codename": "delete_respuestmultipleestudiante"}}, {"model": "auth.permission", "pk": 64, "fields": {"name": "Can view respuestmultiple estudiante", "content_type": 16, "codename": "view_respuestmultipleestudiante"}}, {"model": "auth.permission", "pk": 65, "fields": {"name": "Can add respuesta abierta estudiante", "content_type": 17, "codename": "add_respuestaabiertaestudiante"}}, {"model": "auth.permission", "pk": 66, "fields": {"name": "Can change respuesta abierta estudiante", "content_type": 17, "codename": "change_respuestaabiertaestudiante"}}, {"model": "auth.permission", "pk": 67, "fields": {"name": "Can delete respuesta abierta estudiante", "content_type": 17, "codename": "delete_respuestaabiertaestudiante"}}, {"model": "auth.permission", "pk": 68, "fields": {"name": "Can view respuesta abierta estudiante", "content_type": 17, "codename": "view_respuestaabiertaestudiante"}}, {"model": "auth.permission", "pk": 69, "fields": {"name": "Can add respuesta vo f", "content_type": 18, "codename": "add_respuestavof"}}, {"model": "auth.permission", "pk": 70, "fields": {"name": "Can change respuesta vo f", "content_type": 18, "codename": "change_respuestavof"}}, {"model": "auth.permission", "pk": 71, "fields": {"name": "Can delete respuesta vo f", "content_type": 18, "codename": "delete_respuestavof"}}, {"model": "auth.permission", "pk": 72, "fields": {"name": "Can view respuesta vo f", "content_type": 18, "codename": "view_respuestavof"}}, {"model": "auth.permission", "pk": 73, "fields": {"name": "Can add curso", "content_type": 19, "codename": "add_curso"}}, {"model": "auth.permission", "pk": 74, "fields": {"name": "Can change curso", "content_type": 19, "codename": "change_curso"}}, {"model": "auth.permission", "pk": 75, "fields": {"name": "Can delete curso", "content_type": 19, "codename": "delete_curso"}}, {"model": "auth.permission", "pk": 76, "fields": {"name": "Can view curso", "content_type": 19, "codename": "view_curso"}}, {"model": "auth.permission", "pk": 77, "fields": {"name": "Can add contenido", "content_type": 20, "codename": "add_contenido"}}, {"model": "auth.permission", "pk": 78, "fields": {"name": "Can change contenido", "content_type": 20, "codename": "change_contenido"}}, {"model": "auth.permission", "pk": 79, "fields": {"name": "Can delete contenido", "content_type": 20, "codename": "delete_contenido"}}, {"model": "auth.permission", "pk": 80, "fields": {"name": "Can view contenido", "content_type": 20, "codename": "view_contenido"}}, {"model": "auth.permission", "pk": 81, "fields": {"name": "Can add contenido interactivo", "content_type": 21, "codename": "add_contenidointeractivo"}}, {"model": "auth.permission", "pk": 82, "fields": {"name": "Can change contenido interactivo", "content_type": 21, "codename": "change_contenidointeractivo"}}, {"model": "auth.permission", "pk": 83, "fields": {"name": "Can delete contenido interactivo", "content_type": 21, "codename": "delete_contenidointeractivo"}}, {"model": "auth.permission", "pk": 84, "fields": {"name": "Can view contenido interactivo", "content_type": 21, "codename": "view_contenidointeractivo"}}, {"model": "auth.permission", "pk": 85, "fields": {"name": "Can add grupo", "content_type": 22, "codename": "add_grupo"}}, {"model": "auth.permission", "pk": 86, "fields": {"name": "Can change grupo", "content_type": 22, "codename": "change_grupo"}}, {"model": "auth.permission", "pk": 87, "fields": {"name": "Can delete grupo", "content_type": 22, "codename": "delete_grupo"}}, {"model": "auth.permission", "pk": 88, "fields": {"name": "Can view grupo", "content_type": 22, "codename": "view_grupo"}}, {"model": "auth.permission", "pk": 89, "fields": {"name": "Can add usuario", "content_type": 23, "codename": "add_usuario"}}, {"model": "auth.permission", "pk": 90, "fields": {"name": "Can change usuario", "content_type": 23, "codename": "change_usuario"}}, {"model": "auth.permission", "pk": 91, "fields": {"name": "Can delete usuario", "content_type": 23, "codename": "delete_usuario"}}, {"model": "auth.permission", "pk": 92, "fields": {"name": "Can view usuario", "content_type": 23, "codename": "view_usuario"}}, {"model": "auth.permission", "pk": 93, "fields": {"name": "Can add profesor", "content_type": 24, "codename": "add_profesor"}}, {"model": "auth.permission", "pk": 94, "fields": {"name": "Can change profesor", "content_type": 24, "codename": "change_profesor"}}, {"model": "auth.permission", "pk": 95, "fields": {"name": "Can delete profesor", "content_type": 24, "codename": "delete_profesor"}}, {"model": "auth.permission", "pk": 96, "fields": {"name": "Can view profesor", "content_type": 24, "codename": "view_profesor"}}, {"model": "auth.permission", "pk": 97, "fields": {"name": "Can add estudiante", "content_type": 25, "codename": "add_estudiante"}}, {"model": "auth.permission", "pk": 98, "fields": {"name": "Can change estudiante", "content_type": 25, "codename": "change_estudiante"}}, {"model": "auth.permission", "pk": 99, "fields": {"name": "Can delete estudiante", "content_type": 25, "codename": "delete_estudiante"}}, {"model": "auth.permission", "pk": 100, "fields": {"name": "Can view estudiante", "content_type": 25, "codename": "view_estudiante"}}, {"model": "sessions.session", "pk": "3eh28vgtp5c0abxhqq99ekeqr3veao3z", "fields": {"session_data": "YjkxMzcyNWJiMDc2N2FlNTJkNjU5Njk2YTIzOTA4NDQ2MzFkOTRhYjp7Il9hdXRoX3VzZXJfaWQiOiIxIiwiX2F1dGhfdXNlcl9iYWNrZW5kIjoiZGphbmdvLmNvbnRyaWIuYXV0aC5iYWNrZW5kcy5Nb2RlbEJhY2tlbmQiLCJfYXV0aF91c2VyX2hhc2giOiJmOTQ1YTEyOGE1YWNlMDI3ODI5OTgyNDg2N2FlMzgwOGFjMjE3NWVkIn0=", "expire_date": "2020-06-05T04:27:54.719Z"}}, {"model": "activities.marca", "pk": 1, "fields": {"nombre": "marca 0:00", "punto": 0, "contenido": 1}}, {"model": "activities.marca", "pk": 2, "fields": {"nombre": "Agile 1 marca 0:05", "punto": 4, "contenido": 1}}, {"model": "activities.marca", "pk": 3, "fields": {"nombre": "marca 0:12", "punto": 12, "contenido": 1}}, {"model": "activities.marca", "pk": 4, "fields": {"nombre": "marca 0:24", "punto": 24, "contenido": 1}}, {"model": "activities.marca", "pk": 5, "fields": {"nombre": "marca 0:00", "punto": 0, "contenido": 2}}, {"model": "activities.marca", "pk": 6, "fields": {"nombre": "marca 0:07", "punto": 7, "contenido": 2}}, {"model": "activities.marca", "pk": 7, "fields": {"nombre": "marca 0:00", "punto": 0, "contenido": 3}}, {"model": "activities.marca", "pk": 8, "fields": {"nombre": "marca 0:06", "punto": 6, "contenido": 3}}, {"model": "activities.marca", "pk": 9, "fields": {"nombre": "marca 0:17", "punto": 17, "contenido": 3}}, {"model": "activities.marca", "pk": 10, "fields": {"nombre": "marca 0:00", "punto": 0, "contenido": 4}}, {"model": "activities.marca", "pk": 11, "fields": {"nombre": "marca 0:12", "punto": 12, "contenido": 4}}, {"model": "activities.marca", "pk": 12, "fields": {"nombre": "marca 0:00", "punto": 0, "contenido": 6}}, {"model": "activities.actividad", "pk": 1, "fields": {"nombre": "Agile 1 Pregunta Abierta 1", "numeroDeIntentos": 1, "tieneRetroalimentacion": true, "marca": 1, "retroalimentacion": "Respuesta", "tipoActividad": 0}}, {"model": "activities.actividad", "pk": 2, "fields": {"nombre": "Pregunta Pausa", "numeroDeIntentos": 0, "tieneRetroalimentacion": false, "marca": 2, "retroalimentacion": null, "tipoActividad": 0}}, {"model": "activities.actividad", "pk": 3, "fields": {"nombre": "Agile 1 Pregunta V o F", "numeroDeIntentos": 3, "tieneRetroalimentacion": false, "marca": 3, "retroalimentacion": "", "tipoActividad": 2}}, {"model": "activities.actividad", "pk": 4, "fields": {"nombre": "Agile 1 Pregunta Multiple", "numeroDeIntentos": 1, "tieneRetroalimentacion": true, "marca": 4, "retroalimentacion": null, "tipoActividad": 0}}, {"model": "activities.actividad", "pk": 5, "fields": {"nombre": "Agile 2 Pregunta Abierta 1", "numeroDeIntentos": 1, "tieneRetroalimentacion": true, "marca": 5, "retroalimentacion": "Respuesta", "tipoActividad": 0}}, {"model": "activities.actividad", "pk": 6, "fields": {"nombre": "Agile 2 Pregunta Abierta 2", "numeroDeIntentos": 1, "tieneRetroalimentacion": true, "marca": 6, "retroalimentacion": "Respuesta", "tipoActividad": 0}}, {"model": "activities.actividad", "pk": 7, "fields": {"nombre": "Agile 3 Pregunta Abierta 1", "numeroDeIntentos": 1, "tieneRetroalimentacion": true, "marca": 7, "retroalimentacion": "Respuesta", "tipoActividad": 0}}, {"model": "activities.actividad", "pk": 8, "fields": {"nombre": "Agile 3 Pregunta V o F", "numeroDeIntentos": 2, "tieneRetroalimentacion": false, "marca": 8, "retroalimentacion": "", "tipoActividad": 2}}, {"model": "activities.actividad", "pk": 9, "fields": {"nombre": "Agile 3 seleccion multiple ", "numeroDeIntentos": 1, "tieneRetroalimentacion": true, "marca": 9, "retroalimentacion": null, "tipoActividad": 0}}, {"model": "activities.actividad", "pk": 10, "fields": {"nombre": "Agile 4 Pregunta V o F", "numeroDeIntentos": 5, "tieneRetroalimentacion": false, "marca": 10, "retroalimentacion": "", "tipoActividad": 2}}, {"model": "activities.actividad", "pk": 11, "fields": {"nombre": "Agile 4 Pregunta Multiple", "numeroDeIntentos": 5, "tieneRetroalimentacion": true, "marca": 11, "retroalimentacion": null, "tipoActividad": 0}}, {"model": "activities.actividad", "pk": 12, "fields": {"nombre": "Agile 6 Pregunta Abierta", "numeroDeIntentos": 1, "tieneRetroalimentacion": true, "marca": 12, "retroalimentacion": "Respuesta", "tipoActividad": 0}}, {"model": "activities.preguntaopcionmultiple", "pk": 4, "fields": {"enunciado": "Cuales son Verdaderas ?", "esMultipleResp": true}}, {"model": "activities.preguntaopcionmultiple", "pk": 9, "fields": {"enunciado": "Cuales son Verdaderas ?", "esMultipleResp": false}}, {"model": "activities.preguntaopcionmultiple", "pk": 11, "fields": {"enunciado": "Cuales son Verdaderas ?", "esMultipleResp": true}}, {"model": "activities.preguntaabierta", "pk": 1, "fields": {"enunciado": "Cual es la respuesta ?"}}, {"model": "activities.preguntaabierta", "pk": 5, "fields": {"enunciado": "Cual es la respuesta ?"}}, {"model": "activities.preguntaabierta", "pk": 6, "fields": {"enunciado": "Cual es la pregunta ?"}}, {"model": "activities.preguntaabierta", "pk": 7, "fields": {"enunciado": "Cual es la Respuesta"}}, {"model": "activities.preguntaabierta", "pk": 12, "fields": {"enunciado": "Cual es la respuesta?"}}, {"model": "activities.pausa", "pk": 2, "fields": {"enunciado": "Pausa", "tiempo": 1.0}}, {"model": "activities.preguntafov", "pk": 3, "fields": {"pregunta": "Respuesta", "esVerdadero": true}}, {"model": "activities.preguntafov", "pk": 8, "fields": {"pregunta": "Verdadero", "esVerdadero": true}}, {"model": "activities.preguntafov", "pk": 10, "fields": {"pregunta": "es verdadero ?", "esVerdadero": true}}, {"model": "activities.opcionmultiple", "pk": 1, "fields": {"opcion": "Opcion 1", "esCorrecta": true, "preguntaSeleccionMultiple": 4}}, {"model": "activities.opcionmultiple", "pk": 2, "fields": {"opcion": "Opcion 2", "esCorrecta": true, "preguntaSeleccionMultiple": 4}}, {"model": "activities.opcionmultiple", "pk": 3, "fields": {"opcion": "Opcion 3", "esCorrecta": true, "preguntaSeleccionMultiple": 4}}, {"model": "activities.opcionmultiple", "pk": 4, "fields": {"opcion": "Opcion 1", "esCorrecta": true, "preguntaSeleccionMultiple": 9}}, {"model": "activities.opcionmultiple", "pk": 5, "fields": {"opcion": "Opcion 2", "esCorrecta": true, "preguntaSeleccionMultiple": 9}}, {"model": "activities.opcionmultiple", "pk": 6, "fields": {"opcion": "Opcion 3", "esCorrecta": true, "preguntaSeleccionMultiple": 9}}, {"model": "activities.opcionmultiple", "pk": 7, "fields": {"opcion": "Opcion 1", "esCorrecta": true, "preguntaSeleccionMultiple": 11}}, {"model": "activities.opcionmultiple", "pk": 8, "fields": {"opcion": "Opcion 2", "esCorrecta": true, "preguntaSeleccionMultiple": 11}}, {"model": "activities.opcionmultiple", "pk": 9, "fields": {"opcion": "Opcion 3", "esCorrecta": true, "preguntaSeleccionMultiple": 11}}, {"model": "interactive_content.contenidointeractivo", "pk": 1, "fields": {"nombre": "Agile 1 Sin Presentar", "contenido": 1, "fecha_creacion": "2020-05-22T04:51:51.538Z", "tiempo_disponibilidad": null, "tiene_retroalimentacion": true, "es_calificable": true, "puedeSaltar": true, "curso": [1]}}, {"model": "interactive_content.contenidointeractivo", "pk": 2, "fields": {"nombre": "Agile 2 Preguntas Abiertas sin Calificar", "contenido": 1, "fecha_creacion": "2020-05-22T05:22:02.033Z", "tiempo_disponibilidad": null, "tiene_retroalimentacion": true, "es_calificable": true, "puedeSaltar": true, "curso": [1]}}, {"model": "interactive_content.contenidointeractivo", "pk": 3, "fields": {"nombre": "Agile 3  Calificado Parcialmente", "contenido": 1, "fecha_creacion": "2020-05-22T05:31:15.481Z", "tiempo_disponibilidad": null, "tiene_retroalimentacion": true, "es_calificable": false, "puedeSaltar": true, "curso": [1]}}, {"model": "interactive_content.contenidointeractivo", "pk": 4, "fields": {"nombre": "Agile 4 Ultima Respuesta", "contenido": 1, "fecha_creacion": "2020-05-22T05:48:10.263Z", "tiempo_disponibilidad": null, "tiene_retroalimentacion": true, "es_calificable": true, "puedeSaltar": true, "curso": [1]}}, {"model": "interactive_content.contenidointeractivo", "pk": 5, "fields": {"nombre": "Agile 5 No Calificable", "contenido": 1, "fecha_creacion": "2020-05-22T05:53:23.486Z", "tiempo_disponibilidad": null, "tiene_retroalimentacion": true, "es_calificable": false, "puedeSaltar": true, "curso": [1]}}, {"model": "interactive_content.contenidointeractivo", "pk": 6, "fields": {"nombre": "Agile 6 Pregunta Abierta Calificada", "contenido": 1, "fecha_creacion": "2020-05-22T06:19:08.194Z", "tiempo_disponibilidad": null, "tiene_retroalimentacion": true, "es_calificable": true, "puedeSaltar": true, "curso": [1]}}, {"model": "users.usuario", "pk": 1, "fields": {"password": "pbkdf2_sha256$150000$OE8MVliG5F7k$vipbkmrAi29vr7SNU4TIm+3lmFw1Z1HthMlf7ZhZC70=", "last_login": "2020-05-22T04:22:27.452Z", "is_superuser": true, "username": "admin", "first_name": "", "last_name": "", "email": "de.vergel10@uniandes.edu.co", "is_staff": true, "is_active": true, "date_joined": "2020-05-22T04:22:04.759Z", "polymorphic_ctype": 23, "direccion": null, "telefono": null, "fecha_modificacion": "2020-05-22T04:22:04.912Z", "fecha_creacion": "2020-05-22T04:22:04.912Z", "groups": [], "user_permissions": []}}, {"model": "users.usuario", "pk": 2, "fields": {"password": "pbkdf2_sha256$150000$3iLRw7IyJiiH$cGyeU1ISlXNG4kpkoxAfs+ymjMWfOTFnYbMUuySiouo=", "last_login": "2020-05-22T06:43:53.204Z", "is_superuser": false, "username": "estudiante1", "first_name": "Juan", "last_name": "Robayo", "email": "correo1@uniandes.edu.co", "is_staff": false, "is_active": true, "date_joined": "2020-05-22T04:22:50Z", "polymorphic_ctype": 25, "direccion": "calle 123", "telefono": "310", "fecha_modificacion": "2020-05-22T04:26:22.353Z", "fecha_creacion": "2020-05-22T04:25:17.944Z", "groups": [], "user_permissions": []}}, {"model": "users.usuario", "pk": 3, "fields": {"password": "pbkdf2_sha256$150000$NfpiLPNSV27G$wNUw+YJUG4xzDNPS/OEsk2KsU56EhDFf/LRwjuM/JWo=", "last_login": "2020-05-22T05:10:01Z", "is_superuser": false, "username": "profesor1", "first_name": "Gloria", "last_name": "Cortes", "email": "correo2@uniandes.edu.co", "is_staff": false, "is_active": true, "date_joined": "2020-05-22T04:26:36Z", "polymorphic_ctype": 24, "direccion": "calle 123", "telefono": "310", "fecha_modificacion": "2020-05-22T05:11:44.835Z", "fecha_creacion": "2020-05-22T04:27:25.344Z", "groups": [], "user_permissions": []}}, {"model": "users.profesor", "pk": 3, "fields": {"facultad": "Ingenieria", "groups": [], "user_permissions": []}}, {"model": "users.estudiante", "pk": 2, "fields": {"codigo_de_estudiante": "1", "groups": [], "user_permissions": []}}, {"model": "interactive_content.grupo", "pk": 1, "fields": {"curso": 1, "estudiante": 2}}, {"model": "interactive_content.contenido", "pk": 1, "fields": {"url": "https://www.youtube.com/watch?v=xlmEwPHeO4k", "nombre": "Agile", "profesor": 3}}, {"model": "interactive_content.curso", "pk": 1, "fields": {"fecha_creacion": "2020-05-22T04:42:02.221Z", "nombre": "Procesos Agiles 1", "profesor": 3, "descripcion": "Curso 1"}}, {"model": "activities.respuestavof", "pk": 4, "fields": {"esVerdadero": true, "preguntaVoF": 8}}, {"model": "activities.respuestavof", "pk": 6, "fields": {"esVerdadero": true, "preguntaVoF": 10}}, {"model": "activities.respuestavof", "pk": 7, "fields": {"esVerdadero": false, "preguntaVoF": 10}}, {"model": "activities.respuestaabiertaestudiante", "pk": 1, "fields": {"respuesta": "Respuesta Probable", "retroalimentacion": "Respuesta", "preguntaAbierta": 5}}, {"model": "activities.respuestaabiertaestudiante", "pk": 2, "fields": {"respuesta": "Respuesta Probable", "retroalimentacion": "Respuesta", "preguntaAbierta": 6}}, {"model": "activities.respuestaabiertaestudiante", "pk": 3, "fields": {"respuesta": "Respuesta Probable", "retroalimentacion": "Respuesta", "preguntaAbierta": 7}}, {"model": "activities.respuestaabiertaestudiante", "pk": 11, "fields": {"respuesta": "Respuesta Probable", "retroalimentacion": "Respuesta", "preguntaAbierta": 12}}, {"model": "activities.respuestmultipleestudiante", "pk": 5, "fields": {"respuestmultiple": 4}}, {"model": "activities.respuestmultipleestudiante", "pk": 8, "fields": {"respuestmultiple": 8}}, {"model": "activities.respuestmultipleestudiante", "pk": 9, "fields": {"respuestmultiple": 9}}, {"model": "activities.respuestmultipleestudiante", "pk": 10, "fields": {"respuestmultiple": 7}}, {"model": "activities.respuesta", "pk": 1, "fields": {"fecha_creacion": "2020-05-22T05:58:33.963Z", "intento": 1, "estudiante": 2, "grupo": 1}}, {"model": "activities.respuesta", "pk": 2, "fields": {"fecha_creacion": "2020-05-22T05:58:48.264Z", "intento": 1, "estudiante": 2, "grupo": 1}}, {"model": "activities.respuesta", "pk": 3, "fields": {"fecha_creacion": "2020-05-22T06:12:28.220Z", "intento": 1, "estudiante": 2, "grupo": 1}}, {"model": "activities.respuesta", "pk": 4, "fields": {"fecha_creacion": "2020-05-22T06:13:31.933Z", "intento": 1, "estudiante": 2, "grupo": 1}}, {"model": "activities.respuesta", "pk": 5, "fields": {"fecha_creacion": "2020-05-22T06:15:34.979Z", "intento": 1, "estudiante": 2, "grupo": 1}}, {"model": "activities.respuesta", "pk": 6, "fields": {"fecha_creacion": "2020-05-22T06:16:19.548Z", "intento": 1, "estudiante": 2, "grupo": 1}}, {"model": "activities.respuesta", "pk": 7, "fields": {"fecha_creacion": "2020-05-22T06:16:35.361Z", "intento": 2, "estudiante": 2, "grupo": 1}}, {"model": "activities.respuesta", "pk": 8, "fields": {"fecha_creacion": "2020-05-22T06:17:42.067Z", "intento": 1, "estudiante": 2, "grupo": 1}}, {"model": "activities.respuesta", "pk": 9, "fields": {"fecha_creacion": "2020-05-22T06:18:02.883Z", "intento": 2, "estudiante": 2, "grupo": 1}}, {"model": "activities.respuesta", "pk": 10, "fields": {"fecha_creacion": "2020-05-22T06:18:19.012Z", "intento": 2, "estudiante": 2, "grupo": 1}}, {"model": "activities.respuesta", "pk": 11, "fields": {"fecha_creacion": "2020-05-22T06:22:36.156Z", "intento": 1, "estudiante": 2, "grupo": 1}}, {"model": "activities.calificacion", "pk": 1, "fields": {"estudiante": 2, "actividad": 12, "calificacion": "5.00"}}, {"model": "authtoken.token", "pk": "032a638c496b08e6aeee3527925152f7e7e627d3", "fields": {"user": 2, "created": "2020-05-22T04:28:16.567Z"}}, {"model": "authtoken.token", "pk": "b96139309e0fc473021ca8f6e938965f13d857ea", "fields": {"user": 3, "created": "2020-05-22T04:28:43.385Z"}}, {"model": "admin.logentry", "pk": 1, "fields": {"action_time": "2020-05-22T04:25:17.963Z", "user": 1, "content_type": 25, "object_id": "2", "object_repr": "Juan-1", "action_flag": 1, "change_message": "[{\"added\": {}}]"}}, {"model": "admin.logentry", "pk": 2, "fields": {"action_time": "2020-05-22T04:26:09.554Z", "user": 1, "content_type": 23, "object_id": "2", "object_repr": "estudiante1", "action_flag": 2, "change_message": "[{\"changed\": {\"fields\": [\"password\"]}}]"}}, {"model": "admin.logentry", "pk": 3, "fields": {"action_time": "2020-05-22T04:26:22.362Z", "user": 1, "content_type": 23, "object_id": "2", "object_repr": "estudiante1", "action_flag": 2, "change_message": "[]"}}, {"model": "admin.logentry", "pk": 4, "fields": {"action_time": "2020-05-22T04:27:25.365Z", "user": 1, "content_type": 24, "object_id": "3", "object_repr": "Gloria-correo2@uniandes.edu.co", "action_flag": 1, "change_message": "[{\"added\": {}}]"}}, {"model": "admin.logentry", "pk": 5, "fields": {"action_time": "2020-05-22T04:27:54.711Z", "user": 1, "content_type": 23, "object_id": "3", "object_repr": "profesor1", "action_flag": 2, "change_message": "[{\"changed\": {\"fields\": [\"password\"]}}]"}}, {"model": "admin.logentry", "pk": 6, "fields": {"action_time": "2020-05-22T04:27:58.751Z", "user": 1, "content_type": 23, "object_id": "3", "object_repr": "profesor1", "action_flag": 2, "change_message": "[]"}}, {"model": "admin.logentry", "pk": 7, "fields": {"action_time": "2020-05-22T04:42:02.229Z", "user": 1, "content_type": 19, "object_id": "1", "object_repr": "Procesos Agiles 1", "action_flag": 1, "change_message": "[{\"added\": {}}]"}}, {"model": "admin.logentry", "pk": 8, "fields": {"action_time": "2020-05-22T04:45:44.978Z", "user": 1, "content_type": 22, "object_id": "1", "object_repr": "Procesos Agiles 1", "action_flag": 1, "change_message": "[{\"added\": {}}]"}}, {"model": "admin.logentry", "pk": 9, "fields": {"action_time": "2020-05-22T04:55:59.465Z", "user": 1, "content_type": 21, "object_id": "1", "object_repr": "Agile-2020-05-22 04:51:51.538255+00:00", "action_flag": 2, "change_message": "[{\"changed\": {\"fields\": [\"curso\"]}}]"}}, {"model": "admin.logentry", "pk": 10, "fields": {"action_time": "2020-05-22T04:56:59.539Z", "user": 1, "content_type": 21, "object_id": "1", "object_repr": "Agile-2020-05-22 04:51:51.538255+00:00", "action_flag": 2, "change_message": "[]"}}, {"model": "admin.logentry", "pk": 11, "fields": {"action_time": "2020-05-22T05:00:58.563Z", "user": 1, "content_type": 21, "object_id": "1", "object_repr": "Agile-2020-05-22 04:51:51.538255+00:00", "action_flag": 2, "change_message": "[]"}}, {"model": "admin.logentry", "pk": 12, "fields": {"action_time": "2020-05-22T05:06:07.586Z", "user": 1, "content_type": 21, "object_id": "1", "object_repr": "Agile-2020-05-22 04:51:51.538255+00:00", "action_flag": 2, "change_message": "[]"}}, {"model": "admin.logentry", "pk": 13, "fields": {"action_time": "2020-05-22T05:06:21.461Z", "user": 1, "content_type": 21, "object_id": "1", "object_repr": "Agile-2020-05-22 04:51:51.538255+00:00", "action_flag": 2, "change_message": "[{\"changed\": {\"fields\": [\"es_calificable\"]}}]"}}, {"model": "admin.logentry", "pk": 14, "fields": {"action_time": "2020-05-22T05:09:23.364Z", "user": 1, "content_type": 20, "object_id": "1", "object_repr": "Agile", "action_flag": 2, "change_message": "[{\"changed\": {\"fields\": [\"url\"]}}]"}}, {"model": "admin.logentry", "pk": 15, "fields": {"action_time": "2020-05-22T05:11:44.846Z", "user": 1, "content_type": 24, "object_id": "3", "object_repr": "Gloria-correo2@uniandes.edu.co", "action_flag": 2, "change_message": "[]"}}, {"model": "admin.logentry", "pk": 16, "fields": {"action_time": "2020-05-22T05:13:05.689Z", "user": 1, "content_type": 21, "object_id": "1", "object_repr": "Agile-2020-05-22 04:51:51.538255+00:00", "action_flag": 2, "change_message": "[{\"changed\": {\"fields\": [\"es_calificable\"]}}]"}}, {"model": "admin.logentry", "pk": 17, "fields": {"action_time": "2020-05-22T05:15:11.219Z", "user": 1, "content_type": 21, "object_id": "1", "object_repr": "Agile-2020-05-22 04:51:51.538255+00:00", "action_flag": 2, "change_message": "[{\"changed\": {\"fields\": [\"es_calificable\"]}}]"}}, {"model": "admin.logentry", "pk": 18, "fields": {"action_time": "2020-05-22T05:27:16.789Z", "user": 1, "content_type": 21, "object_id": "2", "object_repr": "Agile-2020-05-22 05:22:02.033669+00:00", "action_flag": 2, "change_message": "[{\"changed\": {\"fields\": [\"es_calificable\", \"curso\"]}}]"}}, {"model": "admin.logentry", "pk": 19, "fields": {"action_time": "2020-05-22T05:39:14.832Z", "user": 1, "content_type": 21, "object_id": "3", "object_repr": "Agile-2020-05-22 05:31:15.481134+00:00", "action_flag": 2, "change_message": "[{\"changed\": {\"fields\": [\"nombre\", \"curso\"]}}]"}}, {"model": "admin.logentry", "pk": 20, "fields": {"action_time": "2020-05-22T05:53:03.072Z", "user": 1, "content_type": 21, "object_id": "4", "object_repr": "Agile-2020-05-22 05:48:10.263406+00:00", "action_flag": 2, "change_message": "[{\"changed\": {\"fields\": [\"es_calificable\", \"curso\"]}}]"}}, {"model": "admin.logentry", "pk": 21, "fields": {"action_time": "2020-05-22T05:54:00.177Z", "user": 1, "content_type": 21, "object_id": "5", "object_repr": "Agile-2020-05-22 05:53:23.486841+00:00", "action_flag": 2, "change_message": "[{\"changed\": {\"fields\": [\"curso\"]}}]"}}, {"model": "admin.logentry", "pk": 22, "fields": {"action_time": "2020-05-22T05:58:33.969Z", "user": 1, "content_type": 17, "object_id": "1", "object_repr": "Respuesta Probable", "action_flag": 1, "change_message": "[{\"added\": {}}]"}}, {"model": "admin.logentry", "pk": 23, "fields": {"action_time": "2020-05-22T05:58:48.268Z", "user": 1, "content_type": 17, "object_id": "2", "object_repr": "Respuesta Probable", "action_flag": 1, "change_message": "[{\"added\": {}}]"}}, {"model": "admin.logentry", "pk": 24, "fields": {"action_time": "2020-05-22T06:12:28.225Z", "user": 1, "content_type": 17, "object_id": "3", "object_repr": "Respuesta Probable", "action_flag": 1, "change_message": "[{\"added\": {}}]"}}, {"model": "admin.logentry", "pk": 25, "fields": {"action_time": "2020-05-22T06:13:31.938Z", "user": 1, "content_type": 18, "object_id": "4", "object_repr": "RespuestaVoF object (4)", "action_flag": 1, "change_message": "[{\"added\": {}}]"}}, {"model": "admin.logentry", "pk": 26, "fields": {"action_time": "2020-05-22T06:15:34.982Z", "user": 1, "content_type": 16, "object_id": "5", "object_repr": "RespuestmultipleEstudiante object (5)", "action_flag": 1, "change_message": "[{\"added\": {}}]"}}, {"model": "admin.logentry", "pk": 27, "fields": {"action_time": "2020-05-22T06:16:19.551Z", "user": 1, "content_type": 18, "object_id": "6", "object_repr": "RespuestaVoF object (6)", "action_flag": 1, "change_message": "[{\"added\": {}}]"}}, {"model": "admin.logentry", "pk": 28, "fields": {"action_time": "2020-05-22T06:16:35.364Z", "user": 1, "content_type": 18, "object_id": "7", "object_repr": "RespuestaVoF object (7)", "action_flag": 1, "change_message": "[{\"added\": {}}]"}}, {"model": "admin.logentry", "pk": 29, "fields": {"action_time": "2020-05-22T06:17:42.069Z", "user": 1, "content_type": 16, "object_id": "8", "object_repr": "RespuestmultipleEstudiante object (8)", "action_flag": 1, "change_message": "[{\"added\": {}}]"}}, {"model": "admin.logentry", "pk": 30, "fields": {"action_time": "2020-05-22T06:18:02.885Z", "user": 1, "content_type": 16, "object_id": "9", "object_repr": "RespuestmultipleEstudiante object (9)", "action_flag": 1, "change_message": "[{\"added\": {}}]"}}, {"model": "admin.logentry", "pk": 31, "fields": {"action_time": "2020-05-22T06:18:19.016Z", "user": 1, "content_type": 16, "object_id": "10", "object_repr": "RespuestmultipleEstudiante object (10)", "action_flag": 1, "change_message": "[{\"added\": {}}]"}}, {"model": "admin.logentry", "pk": 32, "fields": {"action_time": "2020-05-22T06:20:59.771Z", "user": 1, "content_type": 21, "object_id": "6", "object_repr": "Agile-2020-05-22 06:19:08.194598+00:00", "action_flag": 2, "change_message": "[{\"changed\": {\"fields\": [\"es_calificable\", \"curso\"]}}]"}}, {"model": "admin.logentry", "pk": 33, "fields": {"action_time": "2020-05-22T06:22:36.159Z", "user": 1, "content_type": 17, "object_id": "11", "object_repr": "Respuesta Probable", "action_flag": 1, "change_message": "[{\"added\": {}}]"}}, {"model": "admin.logentry", "pk": 34, "fields": {"action_time": "2020-05-22T06:22:51.542Z", "user": 1, "content_type": 9, "object_id": "1", "object_repr": "5", "action_flag": 1, "change_message": "[{\"added\": {}}]"}}]